{
  "solver": "QTT-native Chorin projection",
  "grid": "256\u00b3",
  "n_cells": 16777216,
  "Re_eff": 180.32484848484845,
  "configs": {
    "stock": {
      "Cd": 14.014965939144158,
      "Cl": -4.7450396061932445e-05,
      "steps": 2113,
      "wall_time_s": 191.34111168800155,
      "max_rank": 64
    },
    "spoiler": {
      "Cd": 14.014889765005204,
      "Cl": -5.6016663775340466e-05,
      "steps": 2113,
      "wall_time_s": 204.95949652499985,
      "max_rank": 64
    },
    "lip_spoiler": {
      "Cd": 14.014910230581487,
      "Cl": -5.8766086662005486e-05,
      "steps": 2113,
      "wall_time_s": 229.9383479149983,
      "max_rank": 64
    }
  }
}