{
  "age_years": 55,
  "sex": "M",
  "ethnicity": "hispanic",
  "skin_fitzpatrick": 3,
  "skull_width": 153.47268912700648,
  "skull_height": 137.16069889236246,
  "skull_depth": 173.32821538132316,
  "face_height_upper": 70.0,
  "face_height_lower": 65.0,
  "nasal_bone_length": 19.405984561060002,
  "nasal_bone_width": 10.0,
  "nasal_bone_thickness": 2.5,
  "nasal_dorsal_height": 17.325993028076578,
  "nasal_dorsal_length": 43.861526667563105,
  "septum_length": 36.644492580458426,
  "septum_height": 25.0,
  "septum_thickness": 2.0,
  "ulc_length": 15.0,
  "ulc_width": 12.0,
  "ulc_thickness": 1.5,
  "llc_length": 12.0,
  "llc_width": 20.0,
  "llc_thickness": 1.2,
  "tip_projection": 26.40665296469238,
  "tip_rotation": 94.3305537989041,
  "alar_width": 39.603018005593974,
  "columella_length": 10.0,
  "airway_valve_width": 9.0,
  "airway_valve_angle": 15.0,
  "turbinate_size": 8.0,
  "nasal_cavity_height": 50.0,
  "nasal_cavity_depth": 60.0,
  "skin_thickness_dorsum": 2.425,
  "skin_thickness_tip": 3.8907115757270136,
  "skin_thickness_alar": 3.0,
  "skin_thickness_cheek": 2.0,
  "skin_thickness_forehead": 3.0,
  "fat_thickness_cheek": 10.33459555779494,
  "fat_thickness_submental": 5.5,
  "maxilla_width": 60.28141507423352,
  "maxilla_depth": 55.0,
  "mandible_width": 101.1062523522475,
  "mandible_depth": 80.0,
  "mandible_angle": 125.0,
  "intercanthal_distance": 34.2342246635454,
  "interpupillary_distance": 63.0,
  "orbit_width": 30.0,
  "orbit_height": 35.0
}