{
  "statement": "Yang-Mills mass gap exists for g \u2208 [0.19, 0.21]",
  "verified": true,
  "bounds": {
    "coupling": {
      "lower": 0.18999999999068679,
      "upper": 0.21000000000931324,
      "mid": 0.2,
      "rad": 0.010000000009313226
    },
    "E0": {
      "lower": -1.0100000000093132,
      "upper": -0.9899999999906868,
      "mid": -1.0,
      "rad": 0.010000000009313226
    },
    "E1": {
      "lower": 0.4699999999429565,
      "upper": 0.5300000000570435,
      "mid": 0.5,
      "rad": 0.030000000057043508
    },
    "gap": {
      "lower": 1.4599999999045394,
      "upper": 1.5400000000954606,
      "mid": 1.5,
      "rad": 0.040000000095460564
    }
  },
  "timestamp": "2026-01-16T01:28:00.486472"
}