{
  "L": [
    4,
    6,
    8,
    12,
    16,
    24,
    32,
    48,
    64,
    96,
    128
  ],
  "gap": [
    1.5504967141530113,
    1.5232257551201143,
    1.511580575765766,
    1.5061163400819237,
    1.502684955513303,
    1.5012418315073868,
    1.5007864936997182,
    1.4997714039815775,
    1.4993348991347162,
    1.5014424434143605,
    1.5012949133174975
  ],
  "sigma": [
    1.874665762970289,
    1.3300961633717323,
    0.9730728396800085,
    0.7174575309840815,
    0.5309859095429237,
    0.3933881791523968,
    0.2918024525523236,
    0.21651056020721018,
    0.16055831079954314,
    0.11925305757651926,
    0.08865620594830818,
    0.06569554879298267,
    0.04896657066080377,
    0.036302999610866256,
    0.026953858689866952,
    0.020127108521450575,
    0.014947842071253893,
    0.011038926108390539,
    0.008346281977657256,
    0.00600841472857266,
    0.004607301228746341,
    0.0034376851992452646,
    0.0024799044642882582,
    0.0018987520460458259,
    0.0012618736614445477,
    0.0011232756557718578,
    0.0007477120692779554,
    0.0005172177369888213,
    0.0005281858103936035,
    0.00024418317894537564,
    9.300330543194179e-05,
    1.8154227842689827e-05,
    0.0001897977309548468,
    3.201161977096013e-05,
    0.00024685939738159854,
    0.00015513602817720132,
    0.00020908313785417628,
    5.041597801065972e-05,
    1.2118286423227702e-05,
    3.8295401427541285e-05,
    5.195273529229772e-05,
    5.185429683514254e-06,
    0.00011698208632743415,
    1.636726754473619e-05,
    1.870554271237527e-05,
    3.3629227765612393e-05,
    3.6637979839918895e-06,
    3.2289701706669274e-05,
    0.00016989476459384662,
    0.00013398446933593402,
    7.494640260582331e-05,
    1.7547405402008377e-05,
    1.8055759386799346e-05,
    2.098040853064715e-06,
    3.49474592973726e-05,
    5.383526265766128e-05,
    7.77258808865262e-05,
    1.9662272546408123e-05,
    9.777948531178037e-05,
    4.08682350286109e-05,
    0.00017022642689832053,
    0.0001029393012519006,
    4.727739334274214e-05,
    2.5616089791561746e-05
  ]
}