{
  "total_tests": 3,
  "passed_tests": 2,
  "failed_tests": 1,
  "overall_score": -168.47428487420126,
  "device": "cuda",
  "vram_peak_gb": 0.027753984,
  "total_duration_seconds": 17.903950929641724,
  "results": [
    {
      "test_name": "L2 Inference Test",
      "passed": true,
      "score": -665.2875239054362,
      "duration_seconds": 1.0574183464050293,
      "details": {
        "regimes": {
          "trending": {
            "w2_predicted": 0.041457708925008774,
            "w2_naive": 0.023167908191680908,
            "improvement_pct": -78.94451904296875,
            "passed": false
          },
          "mean_reverting": {
            "w2_predicted": 0.04028058424592018,
            "w2_naive": 0.14038614928722382,
            "improvement_pct": 71.30728912353516,
            "passed": true
          },
          "flash_crash": {
            "w2_predicted": 2.713064193725586,
            "w2_naive": 0.12992198765277863,
            "improvement_pct": -1988.225341796875,
            "passed": false
          }
        },
        "tests_passed": 1,
        "total_tests": 3
      }
    },
    {
      "test_name": "Genesis vs Adam Gauntlet",
      "passed": true,
      "score": 99.9968485323777,
      "duration_seconds": 1.5208961963653564,
      "details": {
        "adam": {
          "final_loss": 0.00028271504561416805,
          "final_nuclear_norm": 0.012625686824321747,
          "nuclear_std": 0.0017797087910364792,
          "nuclear_range": 0.007080174051225185
        },
        "genesis": {
          "final_loss": 0.032602787017822266,
          "final_nuclear_norm": 0.019666440784931183,
          "nuclear_std": 4.608726146746676e-08,
          "nuclear_range": 1.6205012798309326e-07
        },
        "nuclear_stability_winner": "genesis",
        "final_loss_winner": "adam"
      }
    },
    {
      "test_name": "Topo-Geometric Synthesis",
      "passed": false,
      "score": 59.86782075045465,
      "duration_seconds": 15.231412649154663,
      "details": {
        "mse_only": {
          "final_mse": 0.008427241817116737,
          "final_betti": 2.875473737716675,
          "discovery_epoch": 0
        },
        "mse_plus_topology": {
          "final_mse": 0.13354070484638214,
          "final_betti": 4.596957206726074,
          "discovery_epoch": 10
        },
        "discovery_speedup_epochs": -10,
        "betti_improvement_pct": 59.86782075045465
      }
    }
  ]
}