{
  "engine_version": "2.0.0",
  "total_wall_time": 2779.85698615,
  "integrator": "rk2",
  "trustless_certificates": true,
  "resolutions": [
    {
      "N": 4096,
      "n_bits": 12,
      "steps": 400,
      "converged": false,
      "wall_time": 2779.852664908016,
      "dense_bytes": 824633720832,
      "qtt_velocity_bytes": 103584,
      "velocity_cr": 7961014.450417053,
      "energy_loss_pct": 99.91115881518921,
      "max_rank": 13,
      "mean_rank": 10.752380952380951,
      "step_time_ms": 6949.63166227004,
      "integrator": "rk2",
      "cfl_actual": 4.131246532779187e-07,
      "enstrophy_final": 224859556675584.0,
      "divergence_max": 0.12711311876773834,
      "gpu_mem_mb": 12.0448,
      "gpu_peak_mb": 338.99776,
      "certificate_id": "9c8d1573-b0f8-4acb-8b99-23701d54a796",
      "certificate_seal": "40e1ed011570762fc79e0f77a714a6bb7dbfcce1e9f8ad93c4e2fe1bc50cb467",
      "all_invariants_passed": false
    }
  ],
  "nvidia_ref": {
    "name": "NVIDIA PhysicsNeMo-CFD-Ahmed-Body",
    "total_samples": 4064,
    "avg_vtp_bytes": 11500000,
    "total_vtp_bytes": 46700000000,
    "grid_nodes": 545025,
    "fields_per_sample": 11,
    "dense_per_sample_bytes": 23300000,
    "dense_full_dataset_bytes": 94700000000
  }
}