{
  "engine_version": "2.0.0",
  "total_wall_time": 3421.2,
  "integrator": "rk2",
  "trustless_certificates": true,
  "resolutions": [
    {
      "N": 128,
      "n_bits": 7,
      "steps": 150,
      "converged": false,
      "wall_time": 1112.7,
      "dense_bytes": 25200000,
      "qtt_velocity_bytes": 312729,
      "velocity_cr": 82.0,
      "energy_loss_pct": 9.308974402065317,
      "max_rank": 48,
      "mean_rank": 20.566666666666666,
      "step_time_ms": 7418.0,
      "integrator": "rk2",
      "cfl_actual": 0.6710875244140625,
      "enstrophy_final": 74365452288.0,
      "divergence_max": 3955.735107421875,
      "gpu_mem_mb": 14.129664,
      "gpu_peak_mb": 1124.840448,
      "certificate_id": "e2326c83-1835-4965-917f-057860504e5e",
      "certificate_seal": "b9293e2a807bf3fa872b9aa4bedf375e6c61882079e4accd819c3b65b88a5ba4",
      "all_invariants_passed": false
    },
    {
      "N": 256,
      "n_bits": 8,
      "steps": 138,
      "converged": false,
      "wall_time": 945.2,
      "dense_bytes": 201300000,
      "qtt_velocity_bytes": 283238,
      "velocity_cr": 728.0,
      "energy_loss_pct": 7.210084658069915,
      "max_rank": 48,
      "mean_rank": 18.26086956521739,
      "step_time_ms": 6849.275362318841,
      "integrator": "rk2",
      "cfl_actual": 0.1502779541015625,
      "enstrophy_final": 0.0,
      "divergence_max": 5246.3154296875,
      "gpu_mem_mb": 14.872064,
      "gpu_peak_mb": 4774.864384,
      "certificate_id": "97df1d3b-efcb-4074-b1de-7153c3d14372",
      "certificate_seal": "b9638bd8c1e140eb76d5ef1ffa5f2a7afc1c605c2da223254da1a4441dc0fbf8",
      "all_invariants_passed": false
    },
    {
      "N": 512,
      "n_bits": 9,
      "steps": 208,
      "converged": false,
      "wall_time": 1363.3,
      "dense_bytes": 1610600000,
      "qtt_velocity_bytes": 129126,
      "velocity_cr": 12775.0,
      "energy_loss_pct": 1.7875957069686477,
      "max_rank": 38,
      "mean_rank": 12.91025641025641,
      "step_time_ms": 6554.326923076923,
      "integrator": "rk2",
      "cfl_actual": 0.09955274963378906,
      "enstrophy_final": 0.0,
      "divergence_max": 6942.50732421875,
      "gpu_mem_mb": 14.931968,
      "gpu_peak_mb": 4774.864384,
      "certificate_id": "472ef403-35e8-4c9f-bd8d-680550c626b7",
      "certificate_seal": "c41ca169465bb2c2fab88a47699f2cb4c83b3e122f000302fb5d81772dcfd7df",
      "all_invariants_passed": false
    }
  ],
  "nvidia_ref": {
    "name": "NVIDIA PhysicsNeMo-CFD-Ahmed-Body",
    "total_samples": 4064,
    "avg_vtp_bytes": 11500000,
    "total_vtp_bytes": 46700000000,
    "grid_nodes": 545025,
    "fields_per_sample": 11,
    "dense_per_sample_bytes": 23300000,
    "dense_full_dataset_bytes": 94700000000
  },
  "spectrum": {
    "fitted_exponent": -1.6638514884737068,
    "r_squared": 0.9339414924758426,
    "kolmogorov_error": 0.002815178192959955
  }
}