{
  "fig1": {
    "figure": "fig1",
    "grids": [
      64,
      128,
      256,
      512
    ],
    "compression": [
      1.7777777777777777,
      12.19047619047619,
      85.33333333333333,
      606.8148148148148
    ]
  },
  "fig2": {
    "figure": "fig2",
    "Re_plotted": [
      50,
      200,
      800
    ]
  },
  "fig3": {
    "figure": "fig3",
    "Re_plotted": [
      50,
      200,
      800
    ]
  },
  "fig4": {
    "figure": "fig4",
    "Re": [
      50,
      100,
      200,
      400,
      800
    ],
    "chi": [
      64,
      64,
      64,
      64,
      64
    ],
    "alpha": 3.8381847014882085e-16,
    "r_squared": 1.0
  }
}