y_H,u_Uinlet_computed,u_Uinlet_experimental
0.0,0.0,-0.03
0.1,0.0544578942702035,-0.05
0.2,0.06910390593814668,-0.06
0.3,0.12153405135957204,-0.05
0.4,0.13674866244553313,-0.03
0.5,0.09427719365750957,0.0
0.6,0.051003325060005295,0.05
0.7,0.026586604229933242,0.12
0.8,0.01588164626791362,0.22
0.9,0.011843058711970686,0.35
1.0,0.0,0.52
