y_H,u_Uinlet_computed,u_Uinlet_experimental
0.0,0.0,-0.05
0.1,-0.5165791810762805,-0.08
0.2,0.24595281799353672,-0.1
0.3,-0.033219064890581754,-0.08
0.4,0.11585470075646648,-0.02
0.5,0.3650694989675603,0.05
0.6,-0.011726775826973868,0.12
0.7,0.22145237256426017,0.22
0.8,0.32754226594763775,0.38
0.9,0.2074723558343383,0.58
1.0,0.0,0.85
