{
  "cg_convergence": {
    "final_residual": 0.0254669189453125,
    "iterations": 50,
    "residuals": [
      0.0254669189453125,
      0.0254669189453125,
      0.0254669189453125,
      0.0254669189453125,
      0.0254669189453125,
      0.0254669189453125,
      0.0254669189453125,
      0.0254669189453125,
      0.0254669189453125,
      0.0254669189453125,
      0.0254669189453125,
      0.0254669189453125,
      0.0254669189453125,
      0.0254669189453125,
      0.0254669189453125,
      0.0254669189453125,
      0.0254669189453125,
      0.0254669189453125,
      0.0254669189453125,
      0.0254669189453125,
      0.0254669189453125,
      0.0254669189453125,
      0.0254669189453125,
      0.0254669189453125,
      0.0254669189453125,
      0.0254669189453125,
      0.0254669189453125,
      0.0254669189453125,
      0.0254669189453125,
      0.0254669189453125,
      0.0254669189453125,
      0.0254669189453125,
      0.0254669189453125,
      0.0254669189453125,
      0.0254669189453125,
      0.0254669189453125,
      0.0254669189453125,
      0.0254669189453125,
      0.0254669189453125,
      0.0254669189453125,
      0.0254669189453125,
      0.0254669189453125,
      0.0254669189453125,
      0.0254669189453125,
      0.0254669189453125,
      0.0254669189453125,
      0.0254669189453125,
      0.0254669189453125,
      0.0254669189453125,
      0.0254669189453125
    ]
  },
  "conservation": {
    "integral_after": 24471.000381469727,
    "integral_before": 24471.000381469727,
    "residual": 0.0,
    "tolerance": 0.0001068115234375,
    "verdict": "CONSERVED"
  },
  "dimensions": 3,
  "equation": "∂T/∂t = α∇²T + S(x,t)",
  "grid_points": 16,
  "input_state": {
    "bond_dimensions": [
      4,
      4,
      4,
      4,
      4,
      4,
      4,
      4,
      4,
      4,
      4,
      1
    ],
    "cores_preview": [
      [
        0.100006103515625,
        0.25,
        0.399993896484375,
        0.5500030517578125,
        0.1999969482421875,
        0.350006103515625,
        0.5,
        0.149993896484375
      ],
      [
        0.4499969482421875,
        0.100006103515625,
        0.25,
        0.399993896484375,
        0.5500030517578125,
        0.1999969482421875,
        0.350006103515625,
        0.5,
        0.149993896484375,
        0.3000030517578125,
        0.4499969482421875,
        0.100006103515625,
        0.25,
        0.399993896484375,
        0.5500030517578125,
        0.1999969482421875,
        0.350006103515625,
        0.5,
        0.149993896484375,
        0.3000030517578125,
        0.4499969482421875,
        0.100006103515625,
        0.25,
        0.399993896484375,
        0.5500030517578125,
        0.1999969482421875,
        0.350006103515625,
        0.5,
        0.149993896484375,
        0.3000030517578125,
        0.4499969482421875,
        0.100006103515625
      ],
      [
        0.3000030517578125,
        0.4499969482421875,
        0.100006103515625,
        0.25,
        0.399993896484375,
        0.5500030517578125,
        0.1999969482421875,
        0.350006103515625,
        0.5,
        0.149993896484375,
        0.3000030517578125,
        0.4499969482421875,
        0.100006103515625,
        0.25,
        0.399993896484375,
        0.5500030517578125,
        0.1999969482421875,
        0.350006103515625,
        0.5,
        0.149993896484375,
        0.3000030517578125,
        0.4499969482421875,
        0.100006103515625,
        0.25,
        0.399993896484375,
        0.5500030517578125,
        0.1999969482421875,
        0.350006103515625,
        0.5,
        0.149993896484375,
        0.3000030517578125,
        0.4499969482421875
      ],
      [
        0.149993896484375,
        0.3000030517578125,
        0.4499969482421875,
        0.100006103515625,
        0.25,
        0.399993896484375,
        0.5500030517578125,
        0.1999969482421875,
        0.350006103515625,
        0.5,
        0.149993896484375,
        0.3000030517578125,
        0.4499969482421875,
        0.100006103515625,
        0.25,
        0.399993896484375,
        0.5500030517578125,
        0.1999969482421875,
        0.350006103515625,
        0.5,
        0.149993896484375,
        0.3000030517578125,
        0.4499969482421875,
        0.100006103515625,
        0.25,
        0.399993896484375,
        0.5500030517578125,
        0.1999969482421875,
        0.350006103515625,
        0.5,
        0.149993896484375,
        0.3000030517578125
      ]
    ],
    "num_sites": 12,
    "total_elements": 336
  },
  "output_state": {
    "bond_dimensions": [
      4,
      4,
      4,
      4,
      4,
      4,
      4,
      4,
      4,
      4,
      4,
      1
    ],
    "cores_preview": [
      [
        0.100006103515625,
        0.25,
        0.399993896484375,
        0.5500030517578125,
        0.1999969482421875,
        0.350006103515625,
        0.5,
        0.149993896484375
      ],
      [
        0.4499969482421875,
        0.100006103515625,
        0.25,
        0.399993896484375,
        0.5500030517578125,
        0.1999969482421875,
        0.350006103515625,
        0.5,
        0.149993896484375,
        0.3000030517578125,
        0.4499969482421875,
        0.100006103515625,
        0.25,
        0.399993896484375,
        0.5500030517578125,
        0.1999969482421875,
        0.350006103515625,
        0.5,
        0.149993896484375,
        0.3000030517578125,
        0.4499969482421875,
        0.100006103515625,
        0.25,
        0.399993896484375,
        0.5500030517578125,
        0.1999969482421875,
        0.350006103515625,
        0.5,
        0.149993896484375,
        0.3000030517578125,
        0.4499969482421875,
        0.100006103515625
      ],
      [
        0.3000030517578125,
        0.4499969482421875,
        0.100006103515625,
        0.25,
        0.399993896484375,
        0.5500030517578125,
        0.1999969482421875,
        0.350006103515625,
        0.5,
        0.149993896484375,
        0.3000030517578125,
        0.4499969482421875,
        0.100006103515625,
        0.25,
        0.399993896484375,
        0.5500030517578125,
        0.1999969482421875,
        0.350006103515625,
        0.5,
        0.149993896484375,
        0.3000030517578125,
        0.4499969482421875,
        0.100006103515625,
        0.25,
        0.399993896484375,
        0.5500030517578125,
        0.1999969482421875,
        0.350006103515625,
        0.5,
        0.149993896484375,
        0.3000030517578125,
        0.4499969482421875
      ],
      [
        0.149993896484375,
        0.3000030517578125,
        0.4499969482421875,
        0.100006103515625,
        0.25,
        0.399993896484375,
        0.5500030517578125,
        0.1999969482421875,
        0.350006103515625,
        0.5,
        0.149993896484375,
        0.3000030517578125,
        0.4499969482421875,
        0.100006103515625,
        0.25,
        0.399993896484375,
        0.5500030517578125,
        0.1999969482421875,
        0.350006103515625,
        0.5,
        0.149993896484375,
        0.3000030517578125,
        0.4499969482421875,
        0.100006103515625,
        0.25,
        0.399993896484375,
        0.5500030517578125,
        0.1999969482421875,
        0.350006103515625,
        0.5,
        0.149993896484375,
        0.3000030517578125
      ]
    ],
    "num_sites": 12,
    "total_elements": 336
  },
  "proof_summary": {
    "circuit_k": 17,
    "constraints": 56975,
    "generation_ms": 18,
    "proof_bytes": 800
  },
  "svd_truncation": {
    "bonds_truncated": 11,
    "chi_max": 4,
    "output_rank": 4,
    "total_error": 0.0
  },
  "title": "Thermal Diffusion — Golden Simulation"
}