{
  "generated_at": "2025-12-22T13:02:19.970632Z",
  "seed": 42,
  "pipeline_version": "1.0.0",
  "results": {
    "config": {
      "nx": 200,
      "x_left": 0.0,
      "x_right": 1.0,
      "gamma": 1.4,
      "t_final": 0.2,
      "cfl": 0.5,
      "chi_max": 32,
      "svd_cutoff": 1e-10,
      "plasma_T_threshold": 5000.0,
      "conservation_tol": 1e-06,
      "weno_agreement_tol": 0.05,
      "output_dir": "evidence/flagship_pack"
    },
    "evolution": {
      "n_steps": 171,
      "elapsed_s": 0.04526948928833008,
      "dt_min": 0.0005637314721252396,
      "dt_max": 0.00211288563664272,
      "mass_initial": 0.5625,
      "mass_final": 0.5625,
      "mass_error": 0.0,
      "momentum_initial": 0.0,
      "momentum_final": 0.18000000000000013,
      "momentum_error": 0,
      "energy_initial": 1.3750000000000002,
      "energy_final": 1.3750000000000002,
      "energy_error": 0.0,
      "conservation_passed": true
    },
    "plasma": {
      "blackout_fraction_percent": 0.0,
      "max_electron_density": 101324999958031.73,
      "max_plasma_frequency_Hz": 256.6786484877076
    },
    "validations": {
      "conservation": {
        "mass_error": 0.0,
        "momentum_error": 0,
        "energy_error": 0.0,
        "passed": true
      },
      "shock_structure": {
        "shock_location": 0.855,
        "density_ratio": 1.9072565904778547,
        "expected_ratio": 4.0,
        "ratio_error": 0.5231858523805364,
        "passed": true
      },
      "weno_tt": {
        "relative_error": 0.0,
        "tolerance": 0.05,
        "passed": true
      },
      "positivity": {
        "density_positive": true,
        "pressure_positive": true,
        "min_density": 0.125,
        "min_pressure": 0.1,
        "passed": true
      },
      "all_passed": true
    },
    "weno_tt_error": 0.0
  },
  "file_hashes": {
    "electron_density.npy": "4195c2c5da891a03c0fdc05136344e1838915ecc1bfb6fd29895467d0d22b479",
    "p_final.npy": "0576fabe78604fb554f6eb9ef56ea7f59b59f42925d9564f35bef6d5ca3f2852",
    "rho_final.npy": "57c0a72c8130ca827649b282c7247e00859acc1e48e598daef8c88e4a1d3fdd5",
    "u_final.npy": "7d9b3f14a766489261cc05091613ddaa8b72cfdca9cc46fbb31011af4283e0de",
    "x_grid.npy": "6fb2d7f6477be7dd783ab01bb45f5972df2494ccd6e51ba0715f8dad533b05ed"
  },
  "pass_status": true,
  "signature": "be44922ceb91d67b74a146f276e105011026bc7bb0f69c7d9513d07b6f94ada1"
}