{
  "metadata": {
    "hardware": {
      "torch_version": "2.9.1+cu128",
      "cuda_available": true,
      "gpu_name": "NVIDIA GeForce RTX 5070 Laptop GPU",
      "gpu_vram_gb": 7.96,
      "gpu_sms": 36,
      "compute_capability": "12.0",
      "cuda_version": "12.8",
      "bf16": true,
      "triton_version": "3.5.1"
    },
    "campaigns": [
      "I: NS3D DNS 1024 cubed",
      "II: QTT Compression (Non-Trivial)",
      "III: Triton-Native Kernel Benchmarks",
      "IV: Combustion DNS"
    ]
  },
  "campaign_i": {
    "grid_resolution": "1024 cubed",
    "n_bits": 10,
    "n_grid_points": 1073741824,
    "viscosity": 0.01,
    "tolerance": 1e-06,
    "rank_cap": 256,
    "n_steps": 50,
    "dt": 0.000941238823040901,
    "wall_time_sec": 428.41911439900286,
    "avg_step_time_ms": 8566.875990980188,
    "peak_vram_mb": 8.54443359375,
    "initial_max_rank": 8,
    "final_max_rank": 8,
    "rank_history": [
      8,
      8,
      8,
      8,
      8,
      8,
      8,
      8,
      8,
      8,
      8
    ],
    "initial_ke": 2.0000503063201904,
    "final_ke": 1.9956353902816772,
    "initial_enstrophy": 6.000237464904785,
    "final_enstrophy": 5.986992597579956,
    "analytical_ke_final": 1.998168666998754,
    "ke_relative_error": 0.0012677992398317816,
    "initial_params": 13710,
    "final_params": 13710,
    "compression_ratio": 469908.8945295405,
    "ke_history": [
      2.0000503063201904,
      1.9995876550674438,
      1.9991285800933838,
      1.9986788034439087,
      1.9982452988624573,
      1.9977911114692688,
      1.9973368048667908,
      1.9969080686569214,
      1.996522843837738,
      1.9960576891899109,
      1.9956353902816772
    ],
    "enstrophy_history": [
      6.000237464904785,
      5.998850166797638,
      5.997472405433655,
      5.996121942996979,
      5.994822800159454,
      5.993459403514862,
      5.992094397544861,
      5.990809142589569,
      5.989654898643494,
      5.988259851932526,
      5.986992597579956
    ],
    "step_times_ms": [
      9217.588253988652,
      8892.333278025035,
      8484.136897022836,
      8496.919002005598,
      8559.956070996122,
      8978.970381984254,
      8470.073926000623,
      8645.221390994266,
      10211.284560005879,
      8765.276238991646,
      8436.368077993393,
      8751.19967298815,
      8570.167761994526,
      8478.89845300233,
      8438.502953998977,
      8485.814535000827,
      8461.68538898928,
      8439.463814982446,
      8464.297197991982,
      8493.237747985404,
      8499.97413600795,
      8445.851069001947,
      8512.376209982904,
      8511.46609702846,
      8460.385323996888,
      8444.020715018269,
      8589.565230999142,
      8600.367995997658,
      8485.574769001687,
      8437.962215015432,
      8421.814861998428,
      8431.958431028761,
      8431.48608901538,
      8439.391293999506,
      8431.166933005443,
      8471.069902007002,
      8480.391011980828,
      8516.361140995286,
      8543.947807018412,
      8505.801692983368,
      8460.01447501476,
      8557.33209499158,
      8524.249847017927,
      8435.664738004562,
      8455.124112981139,
      8455.296202999307,
      8477.150102989981,
      8469.656453991774,
      8569.7452769964,
      8537.237712997012
    ],
    "params_history": [
      13710,
      13710,
      13710,
      13710,
      13710,
      13710,
      13710,
      13710,
      13710,
      13710,
      13710
    ],
    "tci_build_time_sec": 1.637065615010215,
    "tci_evals": 210944
  },
  "campaign_ii": [
    {
      "n_bits": 6,
      "grid_resolution": "64 cubed",
      "n_grid_points": 262144,
      "function_type": "sod_shock",
      "qtt_parameters": 1278,
      "dense_equivalent_bytes": 1048576,
      "compression_ratio": 205.12050078247262,
      "tci_evals": 26386,
      "tci_time_ms": 108.52,
      "max_rank_actual": 9,
      "vram_mb": 8.15,
      "tolerance": 1e-06
    },
    {
      "n_bits": 7,
      "grid_resolution": "128 cubed",
      "n_grid_points": 2097152,
      "function_type": "sod_shock",
      "qtt_parameters": 1666,
      "dense_equivalent_bytes": 8388608,
      "compression_ratio": 1258.7947178871548,
      "tci_evals": 39024,
      "tci_time_ms": 117.97,
      "max_rank_actual": 9,
      "vram_mb": 8.15,
      "tolerance": 1e-06
    },
    {
      "n_bits": 8,
      "grid_resolution": "256 cubed",
      "n_grid_points": 16777216,
      "function_type": "sod_shock",
      "qtt_parameters": 1890,
      "dense_equivalent_bytes": 67108864,
      "compression_ratio": 8876.833862433863,
      "tci_evals": 48100,
      "tci_time_ms": 149.07,
      "max_rank_actual": 9,
      "vram_mb": 8.16,
      "tolerance": 1e-06
    },
    {
      "n_bits": 9,
      "grid_resolution": "512 cubed",
      "n_grid_points": 134217728,
      "function_type": "sod_shock",
      "qtt_parameters": 2094,
      "dense_equivalent_bytes": 536870912,
      "compression_ratio": 64096.336198662844,
      "tci_evals": 56500,
      "tci_time_ms": 166.93,
      "max_rank_actual": 9,
      "vram_mb": 8.16,
      "tolerance": 1e-06
    },
    {
      "n_bits": 10,
      "grid_resolution": "1024 cubed",
      "n_grid_points": 1073741824,
      "function_type": "sod_shock",
      "qtt_parameters": 2268,
      "dense_equivalent_bytes": 4294967296,
      "compression_ratio": 473431.13932980597,
      "tci_evals": 64270,
      "tci_time_ms": 149.43,
      "max_rank_actual": 9,
      "vram_mb": 8.16,
      "tolerance": 1e-06
    },
    {
      "n_bits": 11,
      "grid_resolution": "2048 cubed",
      "n_grid_points": 8589934592,
      "function_type": "sod_shock",
      "qtt_parameters": 2364,
      "dense_equivalent_bytes": 34359738368,
      "compression_ratio": 3633644.0744500845,
      "tci_evals": 70582,
      "tci_time_ms": 183.31,
      "max_rank_actual": 9,
      "vram_mb": 8.16,
      "tolerance": 1e-06
    },
    {
      "n_bits": 12,
      "grid_resolution": "4096 cubed",
      "n_grid_points": 68719476736,
      "function_type": "sod_shock",
      "qtt_parameters": 2418,
      "dense_equivalent_bytes": 274877906944,
      "compression_ratio": 28419965.564929694,
      "tci_evals": 75212,
      "tci_time_ms": 165.04,
      "max_rank_actual": 9,
      "vram_mb": 8.17,
      "tolerance": 1e-06
    },
    {
      "n_bits": 6,
      "grid_resolution": "64 cubed",
      "n_grid_points": 262144,
      "function_type": "turbulent_8mode",
      "qtt_parameters": 12410,
      "dense_equivalent_bytes": 1048576,
      "compression_ratio": 21.123609991941983,
      "tci_evals": 89100,
      "tci_time_ms": 188.15,
      "max_rank_actual": 40,
      "vram_mb": 8.28,
      "tolerance": 1e-06
    },
    {
      "n_bits": 7,
      "grid_resolution": "128 cubed",
      "n_grid_points": 2097152,
      "function_type": "turbulent_8mode",
      "qtt_parameters": 17600,
      "dense_equivalent_bytes": 8388608,
      "compression_ratio": 119.15636363636364,
      "tci_evals": 133734,
      "tci_time_ms": 240.62,
      "max_rank_actual": 42,
      "vram_mb": 8.34,
      "tolerance": 1e-06
    },
    {
      "n_bits": 8,
      "grid_resolution": "256 cubed",
      "n_grid_points": 16777216,
      "function_type": "turbulent_8mode",
      "qtt_parameters": 20548,
      "dense_equivalent_bytes": 67108864,
      "compression_ratio": 816.4890013626631,
      "tci_evals": 163314,
      "tci_time_ms": 235.46,
      "max_rank_actual": 43,
      "vram_mb": 8.37,
      "tolerance": 1e-06
    },
    {
      "n_bits": 9,
      "grid_resolution": "512 cubed",
      "n_grid_points": 134217728,
      "function_type": "turbulent_8mode",
      "qtt_parameters": 23358,
      "dense_equivalent_bytes": 536870912,
      "compression_ratio": 5746.113879612981,
      "tci_evals": 192818,
      "tci_time_ms": 278.52,
      "max_rank_actual": 44,
      "vram_mb": 8.41,
      "tolerance": 1e-06
    },
    {
      "n_bits": 10,
      "grid_resolution": "1024 cubed",
      "n_grid_points": 1073741824,