{
  "verdict": "BOUNDED",
  "timestamp": "2026-01-16T04:19:25.380180",
  "results": [
    {
      "N": 32,
      "Re": 5000,
      "blowup_time": null,
      "max_omega": 16.451284782534813,
      "energy_ratio": 0.9101436663285576,
      "max_cfl": 0.01735177756314128,
      "verdict": "BOUNDED"
    },
    {
      "N": 48,
      "Re": 5000,
      "blowup_time": null,
      "max_omega": 25.025254226549578,
      "energy_ratio": 0.9070519890604758,
      "max_cfl": 0.02613000012926547,
      "verdict": "BOUNDED"
    },
    {
      "N": 64,
      "Re": 5000,
      "blowup_time": null,
      "max_omega": 55.52980202525915,
      "energy_ratio": 0.8920820081555725,
      "max_cfl": 0.04369058890489982,
      "verdict": "BOUNDED"
    }
  ]
}