{
  "400": {
    "keta": 1.8635420556112476,
    "peak_detected": true,
    "peak_time": 0.06000000000000002,
    "peak_enstrophy": 92.52867445482156,
    "max_rank": 86,
    "mean_rank": 29.083333333333332,
    "rank_history": [
      [
        86,
        29.083333333333332
      ],
      [
        113,
        37.93333333333333
      ],
      [
        128,
        43.11666666666667
      ],
      [
        138,
        46.28333333333333
      ],
      [
        143,
        48.95
      ],
      [
        151,
        52.21666666666667
      ],
      [
        159,
        56.0
      ],
      [
        171,
        58.8
      ],
      [
        183,
        61.266666666666666
      ],
      [
        193,
        63.45
      ],
      [
        203,
        65.55
      ],
      [
        212,
        67.43333333333334
      ],
      [
        219,
        69.26666666666667
      ],
      [
        227,
        70.86666666666666
      ],
      [
        231,
        72.43333333333334
      ],
      [
        237,
        74.3
      ]
    ],
    "enstrophy_history": [
      92.52867445482156,
      92.10826181292592,
      91.75485323264162,
      91.46595861063051,
      91.23930344507765,
      91.07279705524887,
      90.96450217282833,
      90.91260590943641,
      90.9153921205977,
      90.97121519212969,
      91.07847527415389,
      91.23559498414438,
      91.44099759674603,
      91.69308673717204,
      91.9902275989305,
      92.33072971682627
    ],
    "time_history": [
      0.06000000000000002,
      0.12000000000000006,
      0.1800000000000001,
      0.24000000000000016,
      0.3000000000000002,
      0.36000000000000026,
      0.4200000000000003,
      0.48000000000000037,
      0.5400000000000004,
      0.6000000000000004,
      0.6600000000000005,
      0.7200000000000005,
      0.7800000000000006,
      0.8400000000000006,
      0.9000000000000007,
      0.9600000000000007
    ],
    "wall_time": 302.3659668919863
  },
  "600": {
    "keta": 1.3748988663640922,
    "peak_detected": true,
    "peak_time": 0.04000000000000002,
    "peak_enstrophy": 92.80074317634976,
    "max_rank": 77,
    "mean_rank": 24.05,
    "rank_history": [
      [
        77,
        24.05
      ],
      [
        98,
        32.46666666666667
      ],
      [
        113,
        37.96666666666667
      ],
      [
        123,
        41.666666666666664
      ],
      [
        131,
        44.31666666666667
      ],
      [
        139,
        46.38333333333333
      ],
      [
        142,
        48.5
      ],
      [
        148,
        50.083333333333336
      ],
      [
        152,
        52.416666666666664
      ],
      [
        158,
        54.88333333333333
      ],
      [
        164,
        57.233333333333334
      ],
      [
        171,
        59.1
      ],
      [
        181,
        60.766666666666666
      ],
      [
        190,
        62.46666666666667
      ],
      [
        195,
        63.9
      ],
      [
        202,
        65.46666666666667
      ]
    ],
    "enstrophy_history": [
      92.80074317634976,
      92.61365543363421,
      92.45701762093026,
      92.33032735249516,
      92.2331259150827,
      92.16499513892673,
      92.12555427436094,
      92.11445687660684,
      92.13138770233907,
      92.17605962234643,
      92.24821055498701,
      92.34760042521589,
      92.47400815378941,
      92.62722868086128,
      92.80707002763138,
      93.01335039903954
    ],
    "time_history": [
      0.04000000000000002,
      0.08000000000000006,
      0.12000000000000009,
      0.16000000000000011,
      0.20000000000000015,
      0.24000000000000019,
      0.2800000000000002,
      0.32000000000000023,
      0.36000000000000026,
      0.4000000000000003,
      0.44000000000000034,
      0.48000000000000037,
      0.5200000000000004,
      0.5600000000000004,
      0.6000000000000004,
      0.6400000000000005
    ],
    "wall_time": 276.8516852449975
  },
  "800": {
    "keta": 1.108068735819846,
    "peak_detected": true,
    "peak_time": 0.04000000000000002,
    "peak_enstrophy": 92.85908608177886,
    "max_rank": 77,
    "mean_rank": 24.05,
    "rank_history": [
      [
        77,
        24.05
      ],
      [
        98,
        32.46666666666667
      ],
      [
        113,
        38.016666666666666
      ],
      [
        123,
        41.666666666666664
      ],
      [
        131,
        44.333333333333336
      ],
      [
        139,
        46.416666666666664
      ],
      [
        142,
        48.5
      ],
      [
        148,
        50.21666666666667
      ],
      [
        152,
        52.516666666666666
      ],
      [
        158,
        54.983333333333334
      ],
      [
        165,
        57.45
      ],
      [
        173,
        59.266666666666666
      ],
      [
        183,
        61.016666666666666
      ],
      [
        191,
        62.65
      ],
      [
        196,
        64.2
      ],
      [
        205,
        65.75
      ]
    ],
    "enstrophy_history": [
      92.85908608177886,
      92.73023905607755,
      92.63189221748493,
      92.56369365440649,
      92.52533385323528,
      92.51654322220972,
      92.53708957864127,
      92.58677560361035,
      92.66543626919855,
      92.77293624396296,
      92.90916728267261,
      93.07404560634066,
      93.26750927832435,
      93.48951558175833,
      93.74003840287246,
      94.01906562386516
    ],
    "time_history": [
      0.04000000000000002,
      0.08000000000000006,
      0.12000000000000009,
      0.16000000000000011,
      0.20000000000000015,
      0.24000000000000019,
      0.2800000000000002,
      0.32000000000000023,
      0.36000000000000026,
      0.4000000000000003,
      0.44000000000000034,
      0.48000000000000037,
      0.5200000000000004,
      0.5600000000000004,
      0.6000000000000004,
      0.6400000000000005
    ],
    "wall_time": 277.67576983600156
  }
}