{
  "tdvp1_norm": {
    "norm_initial": 1.0000000000000004,
    "norm_after_left": 1.0000000000000002,
    "norm_after_right": 1.0000000000000009,
    "norm_change": 4.440892098500624e-16,
    "success": "tensor(True)"
  },
  "tdvp2_adaptive": {
    "true_rank": 5,
    "error_at_rank": 3.569199577141561e-11,
    "success": true
  },
  "chi_growth_physics": {
    "smooth_growth": 1.267454185110037e-22,
    "smooth_assessment": "smooth",
    "pert_growth": 4.3847372876733814,
    "pert_assessment": "potential_blowup",
    "success": true
  },
  "energy_conservation": {
    "ke_initial": 0.25,
    "ke_final": 0.2217301091792896,
    "ke_exact": 0.22173010917928937,
    "rel_error": 1.0014183718526366e-15,
    "success": true
  }
}