{
  "velocity_to_qtt": {
    "max_chi_u": 2,
    "max_chi_v": 3,
    "error_u": 1.0728836059570312e-06,
    "error_v": 7.152557373046875e-07,
    "compression_u": 60.23529411764706,
    "compression_v": 53.89473684210526,
    "success": true
  },
  "compression_ratio": {
    "chi_smooth": 2,
    "chi_multi": 10,
    "chi_random": 64,
    "compress_smooth": 60.23529411764706,
    "compress_random": 0.3750915750915751,
    "success": true
  },
  "laplacian_mpo": {
    "rel_error_k1": 9.66191291809082e-05,
    "rel_error_k3": 2.3629930284288195e-05,
    "success": true
  },
  "tt_poisson": {
    "rel_error_k1": 3.5762786865234375e-07,
    "rel_error_k2": 6.556510925292969e-07,
    "success": true
  }
}