{
  "proof_name": "proof_21_weno_order",
  "timestamp": "2025-12-24T00:18:22.268950",
  "tests": [
    {
      "name": "WENO5-JS",
      "N_values": [
        32,
        64,
        128,
        256,
        512
      ],
      "dx_values": [
        0.03125,
        0.015625,
        0.0078125,
        0.00390625,
        0.001953125
      ],
      "errors_L2": [
        2.0807545493187424e-05,
        7.115383663408995e-07,
        2.299198667022645e-08,
        7.277306911148037e-10,
        2.2860602080033202e-11
      ],
      "errors_Linf": [
        3.407889762528e-05,
        1.0649983637092506e-06,
        3.325957544304561e-08,
        1.0391479809218797e-09,
        3.247343448868416e-11
      ],
      "order_L2": 4.9524945099028255,
      "order_Linf": 5.000360890371509,
      "passed": "True"
    },
    {
      "name": "WENO5-Z",
      "N_values": [
        32,
        64,
        128,
        256,
        512
      ],
      "dx_values": [
        0.03125,
        0.015625,
        0.0078125,
        0.00390625,
        0.001953125
      ],
      "errors_L2": [
        3.1946381560685125e-06,
        1.0377168328111112e-07,
        3.3032507531047327e-09,
        1.0411727353168149e-10,
        3.2670788268473443e-12
      ],
      "errors_Linf": [
        4.817545609966875e-06,
        1.5163579670625647e-07,
        4.747189420961702e-09,
        1.4841611239313402e-10,
        4.643237183632465e-12
      ],
      "order_L2": 4.975942734303303,
      "order_Linf": 4.996621876653822,
      "passed": "True"
    },
    {
      "name": "TENO5",
      "N_values": [
        32,
        64,
        128,
        256,
        512
      ],
      "dx_values": [
        0.03125,
        0.015625,
        0.0078125,
        0.00390625,
        0.001953125
      ],
      "errors_L2": [
        3.1896659676389704e-06,
        1.0376765531119487e-07,
        3.3032482700453255e-09,
        1.0411728116959542e-10,
        3.267076773803131e-12
      ],
      "errors_Linf": [
        4.8173810499657785e-06,
        1.5163577527938916e-07,
        4.747189418306677e-09,
        1.484161123927105e-10,
        4.643237183632465e-12
      ],
      "order_L2": 4.9754878682092,
      "order_Linf": 4.996612000048032,
      "passed": "True"
    },
    {
      "name": "smoothness_indicators",
      "smooth_beta_ratio": 218.34261850549868,
      "smooth_test_passed": true,
      "jump_detected": true,
      "jump_beta_max": 1.3333333333333333,
      "passed": true
    },
    {
      "name": "weno_z_improvement",
      "error_js": 7.298308914269293e-05,
      "error_z": 7.298349786607687e-05,
      "improvement_factor": 0.9999943997835689,
      "passed": true
    }
  ],
  "all_passed": true,
  "summary": {
    "total_tests": 5,
    "passed": 5,
    "failed": 0
  }
}