{
  "k": [
    0.0,
    1.5707963267948966,
    3.141592653589793,
    4.71238898038469,
    6.283185307179586,
    7.853981633974483,
    9.42477796076938,
    10.995574287564276,
    12.566370614359172,
    14.137166941154069,
    15.707963267948966,
    17.27875959474386,
    18.84955592153876,
    20.420352248333657,
    21.991148575128552,
    23.561944901923447,
    25.132741228718345,
    26.703537555513243,
    28.274333882308138,
    29.845130209103033,
    31.41592653589793,
    32.98672286269283,
    34.55751918948772,
    36.12831551628262,
    37.69911184307752,
    39.269908169872416,
    40.840704496667314,
    42.411500823462205,
    43.982297150257104,
    45.553093477052,
    47.12388980384689,
    48.69468613064179,
    50.26548245743669,
    51.83627878423159,
    53.40707511102649,
    54.97787143782138,
    56.548667764616276,
    58.119464091411174,
    59.690260418206066,
    61.261056745000964,
    62.83185307179586,
    64.40264939859075,
    65.97344572538566,
    67.54424205218055,
    69.11503837897544,
    70.68583470577035,
    72.25663103256524,
    73.82742735936014,
    75.39822368615503,
    76.96902001294993,
    78.53981633974483,
    80.11061266653972,
    81.68140899333463,
    83.25220532012952,
    84.82300164692441,
    86.39379797371932,
    87.96459430051421,
    89.5353906273091,
    91.106186954104,
    92.6769832808989,
    94.24777960769379,
    95.81857593448869,
    97.38937226128358,
    98.96016858807849,
    100.53096491487338
  ],
  "E_k": [
    69.2279066831424,
    23.440479804921356,
    42.934410049795005,
    41.96711253323888,
    98.85331208165533,
    79.4127568729835,
    62.240093372625665,
    49.84845625217774,
    92.10688545269032,
    67.20364408183295,
    59.89990508589716,
    58.4382778411273,
    55.762775366310535,
    54.6896223970591,
    45.742338385020574,
    41.73945621325805,
    40.62738744124471,
    35.473639089381855,
    33.50466717052086,
    33.320900793219124,
    30.792715247554366,
    27.321245678221757,
    26.64357483723844,
    25.005142350926608,
    26.663308002419093,
    21.787884034568833,
    21.110575499247016,
    20.440552610583282,
    18.13602264936395,
    17.53722737959851,
    16.310987217549975,
    15.625912057911428,
    14.119675465558263,
    13.785276547483226,
    14.10539369303913,
    13.705178334279168,
    13.800427433956857,
    13.79831365331156,
    13.707717718461302,
    12.897803905659416,
    15.562337774564103,
    14.023728817777048,
    13.829861131081431,
    13.599090003685385,
    13.399169462438614,
    13.709625787489422,
    13.196379673584275,
    12.666134284816444,
    13.46828342891676,
    12.410890284795585,
    12.878735631685679,
    13.090649788259759,
    12.067980691148682,
    11.278161749675764,
    10.957429062696333,
    10.094828251110027,
    12.05400307804236,
    7.92734273309556,
    7.210233502757091,
    6.386382679175206,
    7.0441894343770874,
    4.67941798940229,
    3.9122481434782794,
    3.0057319298623364,
    2.286219065352668
  ],
  "compensated": [
    0.0,
    49.754567883408825,
    289.32677149478724,
    555.8756398459874,
    2114.9056894467262,
    2464.374703030506,
    2617.3117078093214,
    2710.2846682080403,
    6256.169939078589,
    5554.736564646081,
    5901.45721141341,
    6748.672386837258,
    7444.6837330817025,
    8343.411052442654,
    7895.837773854908,
    8082.865401904126,
    8760.966006714194,
    8462.923345511834,
    8792.099850220926,
    9568.397234415363,
    9631.58526713259,
    9269.702214932655,
    9768.549718252656,
    9872.841988895567,
    11301.408175378401,
    9885.110564873787,
    10224.814738529905,
    10543.028198614957,
    9938.905548869776,
    10189.605989728581,
    10028.026361663333,
    10146.462638956718,
    9666.616151603359,
    9934.328370609377,
    10683.573338759561,
    10894.26395075945,
    11497.316869130773,
    12032.67023348133,
    12496.95699215515,
    12278.818405678592,
    15454.0134021008,
    14511.191095468854,
    14897.032491357922,
    15234.343221548288,
    15596.679062512541,
    16567.090779195776,
    16541.859077106095,
    16456.607572692537,
    18123.723917471892,
    17284.740541325576,
    18550.531782506187,
    19488.47963650704,
    18556.951858226483,
    17901.849289193528,
    17943.124168531518,
    17043.93536826012,
    20972.223215212438,
    14205.358207347605,
    13300.330938002904,
    12121.08284398536,
    13749.373372360738,
    9388.755449184675,
    8065.147925704369,
    6363.81611917619,
    4969.17464374514
  ],
  "fitted_exponent": -1.6638514884737068,
  "fitted_prefactor": 10075.15604790245,
  "r_squared": 0.9339414924758426,
  "inertial_range_k": [
    34.55751918948772,
    48.69468613064179
  ],
  "kolmogorov_length": 0.0010839918100913754,
  "integral_length": 0.20958789358965982
}