Complexity,Loss,Equation
1,0.00028541475,"1.515055"
5,0.00017343946,"(L * -0.00054217654) + 1.5279485"
6,6.374498e-5,"(0.2005791 / L) - -1.4972955"
8,5.6764293e-5,"(0.15354632 / (L + -0.97902936)) + 1.4989682"
9,5.2105155e-5,"((0.7875568 / L) / L) + 1.5045418"
15,5.20463e-5,"cos(sin(cos(1.9480954 / L))) + 0.8382319"
16,5.147715e-5,"cos(cos((-0.6325732 / log(L)) - -0.10587616)) + 0.9618924"
18,5.0840783e-5,"cos(sqrt(cos((0.9975422 / (0.9854131 - L)) + -0.20370224))) + 0.95287883"
