{
  "aggregate_ms": 0,
  "certificate_id": "72c7a384-a181-4253-9fcf-63027977a8c5",
  "certificate_size_bytes": 35519,
  "domain": "Thermal",
  "generation_time_ms": 0,
  "gpu_avg_commit_ms": 345.60970000000003,
  "gpu_commit_total_us": 6912194,
  "gpu_device": "CUDA:0",
  "gpu_enabled": true,
  "gpu_estimated_tps": 3.9179218872159582,
  "gpu_msm_count": 20,
  "keygen_ms": 53141,
  "merkle_root": "40dc51e66b451a014f2a03f7726321d2003788d7be59ec39e052636d5de6c262",
  "params": "production",
  "proof_hashes": [
    "c1130350081cf7c794445b7a610322f67ea96746181b3a41bb68674817dfe220",
    "dc3cc1f8f2fc8d67c755de6bfefd6520a793a491aad0ffbad2478b759d9565a2",
    "b3c942a46e8e5fc1e2987ffe019e5be78de5749ba08f71b1af2a9c9a74163631",
    "19f5b2ee35bf2960964e0eab771b7adb1d932eacc6152318177673c7e32787c3",
    "d18e253195c5ac58c3575581254c5be8df945cb0616047b092af27e86747f1fa",
    "b543bc4d50d05fe4d54f1d66b4be493ee4c717d90586041d77051f3b7a3e7245",
    "e599bb03b2ab700f0c9abf192276747bcef5321ddc740a84018c3ac45bff2579",
    "f026d79984d9c57a0ea036e81a57cdb01c9f8f61c4fa72a52fc494b556c58c87",
    "f08f682203537e15aff348cfaecf722299e4bcc182b313d8d45344085f9c5e59",
    "762199a73710991e54f3e9cb0d2b8c9d8373d391acde90ac8b2f0c2e90d6a671",
    "29f91e6380c92dd026612abf2750b76fa67ce46fcc5e9a0a11f94e7ab21dfa3a",
    "1b53f1e4584141d7a0f7b6a03e9bd6f901c52401e7339160d58306e6af11f65e",
    "dab5305b7db7b4a967c0f0f66083836204267d11b6069be718134767a84a3557",
    "cdcbfe07c78706beebdce4b93c7587c9cb7bee3f0aac4aeffb443878f49a4ada",
    "c7f3cabb9c29641f674cebba2a0b96fa5b3b12e0cda55027f6ba73d88af85d75",
    "fea8d41c3f6ffd6623b79d1b4a29d96ae7b1a4fd2bdc482161fac56287033280",
    "bd30bb04ff7393d8322c115b532aabe26543203f8e4a24645973bc8c64d7cd00",
    "a1642e10cf4ac16bbd77ff8389cb873a398332cfeffc1b6b1965fb5b32fc0477",
    "bb7fca295692ee4370e697d7f7cbbc3a2fbe133ee95e6c8393e9825ed8aa2921",
    "48dc670875384f9b89585202075a06ca1081b6620620cedbc532185a8697df97"
  ],
  "prove_ms": 443670,
  "residual_stats": {
    "max_abs": 0.0,
    "nonzero_count": 0,
    "rms": 0.0
  },
  "timestep_count": 20,
  "total_constraints": 15089060,
  "total_proof_bytes": 33280,
  "verification_time_us": 94
}