{
  "domain": "euler3d",
  "certificate_path": "/home/brad/TiganticLabz/FRONT_VAULT/03_SOURCE/Main_Projects/HyperTensor-VM-main/artifacts/EULER3D_GAUNTLET.tpc",
  "trace_path": "/home/brad/TiganticLabz/FRONT_VAULT/03_SOURCE/Main_Projects/HyperTensor-VM-main/traces/euler3d_trace.json",
  "verified": true,
  "grid": "16x16x16",
  "steps": 1,
  "wall_time_s": 0.3380098342895508,
  "metrics": {
    "mass_initial": 1.2136296296296296,
    "mass_final": 1.216132833566121,
    "mass_drift": 0.002503203936491394,
    "energy_initial": 3.0431762962962967,
    "energy_final": 3.051903529563051,
    "energy_drift": 0.008727233266754286,
    "num_steps": 1,
    "wall_time_s": 0.3380098342895508,
    "trace_hash": "2c730ceb316f9c044a35d3b18b95a7cb579dd39edfc5f49a22420f146164a8ef"
  }
}