{
  "type": "GPU_CHU_LIMIT_CHALLENGE",
  "timestamp": "2026-02-26T14:57:57Z",
  "gpu": "NVIDIA GeForce RTX 5070 Laptop GPU",
  "vram_gb": 8.5,
  "grid": "4096\u00b3",
  "n_bits": 12,
  "ka": 0.3,
  "Q_Chu": 40.37,
  "iterations": 50,
  "converged": false,
  "time_s": 3897.8,
  "gpu_peak_MB": 4908.0,
  "Q_proxy": 0.12153036886679555,
  "Q_rad": 0.06780231669735032,
  "W_near": 2.573327995136765e-09,
  "P_pml": 3.57702305109342e-07,
  "P_input": 1.995636580431892e-07,
  "P_cond": 1.97098333084417e-09,
  "P_pml_norm": 1.6854342374588929,
  "P_cond_norm": 0.009286948224306464,
  "eta_rad": 0.9945200730935794,
  "volume": 0.29992408375301755,
  "M_dead": 0.10048278443844806,
  "J_final": -4.3505497569938605,
  "J_history_first5": [
    -4.4158796007151775,
    -4.5234812523219095,
    -4.334535877275949,
    -4.531724316807633,
    -4.647377168657185
  ],
  "J_history_last5": [
    -4.68055351330224,
    -4.424983415544784,
    -4.46295957956783,
    -4.239140775042825,
    -4.3505497569938605
  ],
  "density_hash": "9855100c774379bf"
}