{
  "type": "GPU_CHU_LIMIT_CHALLENGE",
  "timestamp": "2026-02-26T10:19:39Z",
  "gpu": "NVIDIA GeForce RTX 5070 Laptop GPU",
  "vram_gb": 8.5,
  "grid": "128\u00b3",
  "n_bits": 7,
  "ka": 0.3,
  "Q_Chu": 40.37,
  "iterations": 3,
  "converged": false,
  "time_s": 783.4,
  "gpu_peak_MB": 1984.0,
  "P_pml": 2.5933360348062706e-07,
  "P_cond": 9.14491625838565e-10,
  "P_pml_norm": 1.0012608361681115,
  "P_cond_norm": 0.0035307597537172176,
  "eta_rad": 0.9964860775427984,
  "volume": 0.4575434520022727,
  "M_dead": 0.1473844715866868,
  "J_final": 15.79302284877832,
  "J_history_first5": [
    15.299020539454062,
    15.553202197328515,
    15.79302284877832
  ],
  "J_history_last5": [
    15.299020539454062,
    15.553202197328515,
    15.79302284877832
  ],
  "density_hash": "cc200b5812c49763"
}