{
  "domain": "ns_imex",
  "certificate_path": "/home/brad/TiganticLabz/FRONT_VAULT/03_SOURCE/Main_Projects/physics-os/artifacts/NS2D_GAUNTLET.tpc",
  "trace_path": "/home/brad/TiganticLabz/FRONT_VAULT/03_SOURCE/Main_Projects/physics-os/traces/ns2d_trace.json",
  "verified": true,
  "grid": "32x32",
  "steps": 11,
  "wall_time_s": 0.03245258331298828,
  "metrics": {
    "ke_initial": 9.869604401089358,
    "ke_final": 9.83020483514962,
    "ke_decay": 0.03939956593973726,
    "enstrophy_initial": 19.739208802178716,
    "enstrophy_final": 19.66040967029924,
    "max_divergence": 3.6828480558304834e-15,
    "num_steps": 11,
    "wall_time_s": 0.03245258331298828,
    "trace_hash": "a9be3a9953c51c46091364f5747f51e3a76917a9ff8c1b33f9d794388322c57f",
    "expected_ke_ratio": 0.9960079893439915,
    "actual_ke_ratio": 0.9960079893439915,
    "ke_ratio_error": 0.0
  }
}