{
  "n_bits": 9,
  "grid": "512x512",
  "method": "MG-DC",
  "n_iters": 21,
  "converged": true,
  "relative_residual": 0.0004897921976993741,
  "wall_time_s": 111.05582396799946,
  "time_per_iter_s": 5.288372569904736
}