{
  "timestamp": "2026-02-26T14:34:49Z",
  "gpu": "NVIDIA GeForce RTX 5070 Laptop GPU",
  "results": [
    {
      "n_bits": 7,
      "N": 128,
      "max_rank": 16,
      "n_sweeps": 40,
      "damping": 0.02,
      "sigma_max": 30.0,
      "simp_p": 1.0,
      "n_design": 280,
      "residual": 0.015646092153206875,
      "J": -4.466329725852699,
      "grad_max": 6.271263086510607e-08,
      "grad_norm": 5.499119597348086e-07,
      "P_pml": 2.597404886728327e-07,
      "P_input": 1.6350597320524685e-07,
      "P_cond": 5.595170837910937e-10,
      "W_near": 1.8775982990604234e-09,
      "Q_proxy": 0.10822813822189399,
      "Q_rad": 0.06812933616388334,
      "eta_rad": 0.9978504914659347,
      "time_s": 15.209469874000206,
      "gpu_peak_MB": 166.66845703125
    },
    {
      "n_bits": 7,
      "N": 128,
      "max_rank": 24,
      "n_sweeps": 40,
      "damping": 0.02,
      "sigma_max": 30.0,
      "simp_p": 1.0,
      "n_design": 280,
      "residual": 0.00788603269640009,
      "J": -4.467190616714392,
      "grad_max": 3.494827446968215e-08,
      "grad_norm": 3.0511457294330695e-07,
      "P_pml": 2.592873897810932e-07,
      "P_input": 1.6335918928689352e-07,
      "P_cond": 5.584612253161079e-10,
      "W_near": 1.874296717829793e-09,
      "Q_proxy": 0.10813490490039966,
      "Q_rad": 0.06812838222891743,
      "eta_rad": 0.9978507979898347,
      "time_s": 30.8611943399992,
      "gpu_peak_MB": 166.66845703125
    },
    {
      "n_bits": 8,
      "N": 256,
      "max_rank": 16,
      "n_sweeps": 50,
      "damping": 0.02,
      "sigma_max": 30.0,
      "simp_p": 1.0,
      "n_design": 2272,
      "residual": 0.015126275533523383,
      "J": -4.481477360635008,
      "grad_max": 1.723076703868856e-08,
      "grad_norm": 6.224820843176257e-07,
      "P_pml": 2.6613491854732274e-07,
      "P_input": 1.6969296723345906e-07,
      "P_cond": 5.782181329087786e-10,
      "W_near": 1.919372660807994e-09,
      "Q_proxy": 0.1066023032480727,
      "Q_rad": 0.06797176879617116,
      "eta_rad": 0.9978320597923827,
      "time_s": 17.686842194001656,
      "gpu_peak_MB": 166.6748046875
    },
    {
      "n_bits": 8,
      "N": 256,
      "max_rank": 24,
      "n_sweeps": 50,
      "damping": 0.02,
      "sigma_max": 30.0,
      "simp_p": 1.0,
      "n_design": 2272,
      "residual": 0.007409658601923183,
      "J": -4.479947968658166,
      "grad_max": 1.8454640036846443e-08,
      "grad_norm": 6.060200230953688e-07,
      "P_pml": 2.6695690280575946e-07,
      "P_input": 1.6995538487662998e-07,
      "P_cond": 5.79872358697127e-10,
      "W_near": 1.9252861527263576e-09,
      "Q_proxy": 0.10676563448437672,
      "Q_rad": 0.0679712504515855,
      "eta_rad": 0.9978325508396343,
      "time_s": 43.51864475399998,
      "gpu_peak_MB": 166.6748046875
    }
  ]
}