{
  "domain": "vlasov",
  "certificate_path": "/home/brad/TiganticLabz/FRONT_VAULT/03_SOURCE/Main_Projects/physics-os/artifacts/VLASOV_GAUNTLET.tpc",
  "trace_path": "/home/brad/TiganticLabz/FRONT_VAULT/03_SOURCE/Main_Projects/physics-os/traces/vlasov_trace.json",
  "verified": true,
  "grid": "32x32",
  "steps": 51,
  "wall_time_s": 0.13104939460754395,
  "metrics": {
    "l2_initial": 3.545084947196123,
    "l2_final": 3.545084947196126,
    "l2_relative_drift": 8.768829281253501e-16,
    "mass_initial": 12.566370579583259,
    "mass_final": 12.566370579583259,
    "mass_relative_drift": 0.0,
    "ke_initial": 6.2831846655758055,
    "ke_final": 6.2843062014489295,
    "fe_initial": 0.0012566371558713999,
    "fe_final": 0.0001371682265370378,
    "num_steps": 51,
    "wall_time_s": 0.13104939460754395,
    "trace_hash": "0d15479d80726b37cbdb914cb7e67b824b8c0e0fc5cf18d9f0b509f849095356"
  }
}